school_year,Batchelder School,Betances Learning Lab Magnet School,Bulkeley High School Lower School,Burns Latino Studies Academy,Burr Middle School,Clark School,Dwight-Bellizzi Dual Language Academy,Environmental Sciences Magnet At Hooker School,Kennelly School,Kinsella Magnet School Of Performing Arts: Pk-8 Campus,M. D. Fox School,M. L. King Jr. Middle School,Mcdonough Middle School,Milner Middle School,Naylor/Ccsu Leadership Academy,Parkville Community School,Rawson School,Sanchez School,Sand School,Simpson-Waverly School,Stem Magnet At Annie Fisher School,Webster Micro Society Magnet School,West Middle School,Wish Museum School
1986-87,493.0,498.0,1649.0,929.0,565.0,688.0,361.0,859.0,578.0,650.0,1211.0,1126.0,648.0,694.0,518.0,685.0,422.0,,751.0,548.0,593.0,413.0,686.0,554.0
1987-88,550.0,551.0,1534.0,997.0,577.0,705.0,365.0,936.0,604.0,638.0,1235.0,1159.0,686.0,751.0,529.0,684.0,409.0,,806.0,589.0,715.0,424.0,735.0,698.0
1988-89,530.0,535.0,1555.0,1006.0,564.0,723.0,382.0,1002.0,617.0,687.0,1231.0,1115.0,768.0,701.0,487.0,683.0,423.0,,826.0,609.0,709.0,390.0,692.0,615.0
1989-90,544.0,567.0,1505.0,990.0,591.0,714.0,413.0,1030.0,632.0,624.0,1251.0,1140.0,795.0,732.0,480.0,722.0,437.0,,781.0,610.0,736.0,395.0,743.0,631.0
1990-91,573.0,583.0,1624.0,1089.0,586.0,768.0,409.0,1023.0,609.0,715.0,1370.0,1137.0,852.0,646.0,526.0,764.0,422.0,,756.0,630.0,757.0,437.0,858.0,603.0
1991-92,546.0,581.0,1728.0,1072.0,652.0,750.0,468.0,712.0,671.0,708.0,1017.0,1082.0,869.0,743.0,540.0,786.0,384.0,,689.0,626.0,734.0,439.0,847.0,608.0
1992-93,533.0,507.0,1759.0,765.0,700.0,685.0,452.0,719.0,658.0,658.0,1059.0,1060.0,831.0,672.0,541.0,735.0,405.0,392.0,688.0,562.0,736.0,459.0,805.0,549.0
1993-94,494.0,527.0,1861.0,669.0,701.0,663.0,498.0,696.0,723.0,681.0,1184.0,919.0,781.0,658.0,545.0,784.0,373.0,516.0,661.0,570.0,776.0,423.0,863.0,503.0
1994-95,515.0,454.0,1744.0,679.0,622.0,644.0,468.0,779.0,751.0,567.0,1139.0,822.0,769.0,657.0,512.0,709.0,368.0,556.0,570.0,466.0,728.0,467.0,841.0,525.0
1995-96,511.0,423.0,1596.0,737.0,630.0,628.0,529.0,646.0,824.0,549.0,1138.0,800.0,795.0,598.0,531.0,778.0,340.0,459.0,489.0,495.0,784.0,473.0,824.0,575.0
1996-97,523.0,426.0,1490.0,706.0,611.0,629.0,570.0,433.0,832.0,582.0,974.0,791.0,818.0,573.0,599.0,730.0,380.0,520.0,421.0,470.0,770.0,447.0,919.0,529.0
1997-98,570.0,473.0,1517.0,745.0,639.0,600.0,537.0,344.0,887.0,508.0,966.0,758.0,594.0,549.0,538.0,734.0,379.0,519.0,347.0,461.0,764.0,517.0,904.0,504.0
1998-99,571.0,434.0,1396.0,666.0,657.0,592.0,585.0,279.0,911.0,537.0,1024.0,663.0,594.0,552.0,548.0,776.0,392.0,522.0,370.0,425.0,730.0,520.0,934.0,428.0
1999-00,564.0,412.0,1556.0,668.0,745.0,605.0,534.0,251.0,886.0,511.0,1018.0,781.0,371.0,586.0,654.0,700.0,388.0,485.0,406.0,418.0,723.0,530.0,815.0,435.0
2000-01,557.0,389.0,1738.0,691.0,692.0,492.0,570.0,248.0,944.0,506.0,1010.0,759.0,391.0,562.0,628.0,704.0,379.0,493.0,414.0,371.0,695.0,511.0,797.0,408.0
2001-02,572.0,376.0,1834.0,696.0,729.0,431.0,531.0,213.0,996.0,463.0,1069.0,732.0,559.0,573.0,623.0,596.0,329.0,482.0,393.0,328.0,709.0,457.0,795.0,421.0
2002-03,581.0,409.0,1751.0,662.0,549.0,418.0,562.0,255.0,867.0,487.0,1010.0,755.0,543.0,556.0,639.0,573.0,293.0,507.0,323.0,332.0,661.0,521.0,704.0,386.0
2003-04,549.0,431.0,1673.0,629.0,511.0,422.0,545.0,301.0,773.0,446.0,893.0,771.0,539.0,578.0,600.0,601.0,296.0,577.0,346.0,323.0,603.0,543.0,649.0,417.0
2004-05,554.0,441.0,1633.0,618.0,460.0,390.0,520.0,318.0,817.0,384.0,866.0,729.0,491.0,493.0,563.0,611.0,299.0,526.0,371.0,383.0,558.0,571.0,711.0,444.0
2005-06,586.0,438.0,1230.0,701.0,475.0,436.0,577.0,345.0,821.0,425.0,925.0,792.0,504.0,501.0,561.0,664.0,334.0,559.0,401.0,420.0,589.0,562.0,795.0,475.0
2006-07,510.0,395.0,1445.0,511.0,513.0,397.0,429.0,402.0,830.0,489.0,830.0,665.0,464.0,404.0,576.0,561.0,422.0,530.0,351.0,371.0,620.0,625.0,739.0,415.0
2007-08,578.0,403.0,1484.0,533.0,537.0,442.0,434.0,403.0,809.0,517.0,824.0,600.0,441.0,360.0,564.0,596.0,586.0,580.0,366.0,366.0,560.0,620.0,768.0,437.0
2008-09,546.0,439.0,1387.0,534.0,520.0,466.0,355.0,407.0,799.0,569.0,783.0,522.0,396.0,417.0,608.0,578.0,755.0,528.0,442.0,347.0,376.0,610.0,670.0,424.0
2009-10,568.0,345.0,767.0,584.0,625.0,416.0,328.0,345.0,795.0,618.0,801.0,513.0,358.0,400.0,702.0,514.0,734.0,493.0,413.0,437.0,253.0,619.0,698.0,426.0
2010-11,589.0,311.0,675.0,666.0,707.0,384.0,339.0,275.0,783.0,663.0,848.0,469.0,422.0,412.0,703.0,516.0,463.0,492.0,463.0,362.0,329.0,592.0,690.0,444.0
2011-12,565.0,315.0,634.0,598.0,810.0,397.0,450.0,358.0,799.0,690.0,688.0,407.0,453.0,423.0,706.0,535.0,452.0,469.0,471.0,347.0,344.0,582.0,658.0,392.0
2012-13,521.0,323.0,586.0,598.0,729.0,379.0,556.0,570.0,703.0,760.0,533.0,383.0,385.0,373.0,722.0,564.0,573.0,494.0,484.0,326.0,356.0,626.0,637.0,392.0
2013-14,528.0,278.0,493.0,541.0,708.0,369.0,635.0,596.0,658.0,819.0,569.0,316.0,291.0,376.0,660.0,543.0,498.0,492.0,459.0,297.0,359.0,675.0,498.0,354.0
2014-15,466.0,288.0,489.0,581.0,685.0,335.0,662.0,607.0,621.0,884.0,602.0,329.0,252.0,330.0,682.0,532.0,484.0,485.0,402.0,295.0,360.0,678.0,380.0,303.0
2015-16,478.0,279.0,412.0,520.0,590.0,246.0,649.0,613.0,571.0,910.0,621.0,356.0,239.0,334.0,660.0,537.0,373.0,480.0,394.0,293.0,367.0,660.0,359.0,304.0
2016-17,433.0,300.0,,496.0,616.0,,634.0,610.0,558.0,913.0,647.0,294.0,261.0,292.0,636.0,534.0,383.0,396.0,362.0,314.0,366.0,633.0,449.0,429.0
2017-18,397.0,384.0,,439.0,542.0,,623.0,613.0,534.0,884.0,610.0,236.0,237.0,309.0,614.0,485.0,357.0,364.0,358.0,251.0,363.0,613.0,437.0,395.0
2018-19,,391.0,,467.0,546.0,,596.0,607.0,626.0,833.0,592.0,182.0,294.0,329.0,521.0,451.0,362.0,424.0,395.0,,366.0,622.0,480.0,502.0
2019-20,,411.0,,272.0,579.0,,555.0,606.0,644.0,711.0,583.0,169.0,391.0,320.0,423.0,432.0,332.0,381.0,333.0,,337.0,635.0,462.0,332.0
2020-21,,438.0,,241.0,324.0,,566.0,573.0,605.0,712.0,525.0,274.0,345.0,328.0,388.0,385.0,255.0,344.0,286.0,,342.0,642.0,262.0,285.0
2021-22,,394.0,,232.0,308.0,,594.0,552.0,579.0,652.0,504.0,215.0,316.0,312.0,389.0,416.0,224.0,324.0,291.0,,352.0,629.0,295.0,289.0
2022-23,,394.0,,224.0,277.0,,626.0,556.0,598.0,465.0,493.0,203.0,317.0,284.0,357.0,396.0,231.0,322.0,286.0,,344.0,615.0,293.0,291.0
2023-24,,411.0,,228.0,307.0,,643.0,567.0,650.0,436.0,531.0,187.0,346.0,278.0,370.0,375.0,209.0,332.0,273.0,,373.0,631.0,306.0,299.0
2024-25,,398.0,,251.0,259.0,,651.0,547.0,628.0,435.0,562.0,184.0,301.0,261.0,372.0,351.0,198.0,311.0,266.0,,348.0,626.0,289.0,297.0
